insert into seller values(10001, 'pratik')
insert into seller values(10002, 'shru')
insert into seller values(10003, 'prats')

insert into project values(11001, sysdate()-10, 'configure blackhawk router as an FTP server', sysdate()+1, 12002, 0.5, 'router', false ,10001)
insert into project values(11002, sysdate()-8, 'assemble sofa-bed product id 123xyz', sysdate()+1, -1, 0, 'sofabed', false,10002)
insert into project values(11003, sysdate()-3, 'assemble musical instrument', sysdate()+1, -1, 0, 'tabla', false, 10002)
insert into project values(11004, sysdate()-2, 'sort cards', sysdate()+1, -1, 0, 'cards',false, 10002)
insert into project values(11005, sysdate()-6, 'rate movies', sysdate()+1, -1, 0, 'imdb',false,10002)
insert into project values(11006, sysdate()-3, 'java coding tutorial', sysdate()+11, -1, 0, 'java',false,10002)
insert into project values(11007, sysdate()-2, 'distribute tshirts', sysdate()+1, -1, 0, 'shirts',false,10002)
insert into project values(11008, sysdate()-1, 'arrange a show', sysdate()+30, -1, 0, 'show',false,10002)
insert into project values(11009, sysdate()-5, 'band performance', sysdate()-1, -1, 0, 'music',false,10002)
insert into project values(11010, sysdate()-6, 'sort and flag images', sysdate()-1, -1, 0, 'facebook images',false,10002)
insert into project values(11011, sysdate(), 'food for 50 people', sysdate()+1, -1, 0, 'chef',false,10002)
insert into project values(11012, sysdate(), 'assemble table product id 123xyz', sysdate()+1, -1, 0, 'table',false,10003)
insert into project values(11013, sysdate(), 'assemble chair product id 123xyz', sysdate()+1, -1, 0, 'chair',false,10002)
insert into project values(11014, sysdate(), 'assemble bed product id 123xyz', sysdate()+1, -1, 0, 'bed',false,10003)
insert into project values(11015, sysdate(), 'watch a baby for 24 hours', sysdate()+1, -1, 0, 'baby watching',false,10003)
insert into project values(11016, sysdate(), 'rate magzines', sysdate()+3, -1, 0, 'magzines',false,10003)
insert into project values(11017, sysdate(), 'assemble couch product id 123xyz', sysdate()+1, -1, 0, 'couch',false,10002)
insert into project values(11018, sysdate(), 'carry bricks to sunnyvale', sysdate()+4, -1, 0, 'bricks',false,10003)
insert into project values(11019, sysdate(), 'coach for soccer', sysdate()+1, -1, 0, 'coaching',false,10003)
insert into project values(11020, sysdate(), 'assemble door product id 123xyz', sysdate()+1, -1, 0, 'door',false,10003)
insert into project values(11021, sysdate(), 'assemble dishwasher product id 123xyz', sysdate()+8, -1, 0, 'dishwasher',false,10003)
insert into project values(11022, sysdate(), 'play for a gathering', sysdate()+1, -1, 0, 'theatre',false,10003)

insert into bidder values(12001, 'litesh')
insert into bidder values(12002, 'abhi')
insert into bidder values(12003, 'pratik')

insert into bid values(13001, sysdate(), 20.5, 12001, 11001)
insert into bid values(13002, sysdate(), 10.5, 12002, 11001)
insert into bid values(13003, sysdate(),  0.5, 12002, 11001)
insert into bid values(13004, sysdate(),  1.0, 12003, 11001)
insert into bid values(13005, sysdate(),  1.0, 12003, 11001)