insert into seller values(10001, 'pratik')
insert into seller values(10002, 'shru')
insert into seller values(10003, 'prats')

insert into project values(11001, sysdate()-10 'configure blackhawk router as an FTP server', sysdate()+1, 11001, 0.5, 'router', 10001)
insert into project values(11002, sysdate()-8 'assemble sofa-bed product id 123xyz', sysdate()+1, -1, 0, 'sofabed', 10002)
insert into project values(11003, sysdate()-3 'assemble sofa-bed product id 123xyz', sysdate()+1, -1, 0, 'sofabed',10002)
insert into project values(11004, sysdate()-2 'assemble sofa-bed product id 123xyz', sysdate()+1, -1, 0, 'sofabed',10002)
insert into project values(11005, sysdate()-6 'assemble sofa-bed product id 123xyz', sysdate()+1, -1, 0, 'sofabed',10002)
insert into project values(11006, sysdate()-3 'assemble sofa-bed product id 123xyz', sysdate()+1, -1, 0, 'sofabed',10002)
insert into project values(11007, sysdate()-2 'assemble sofa-bed product id 123xyz', sysdate()+1, -1, 0, 'sofabed',10002)
insert into project values(11008, sysdate()-1 'assemble sofa-bed product id 123xyz', sysdate()+1, -1, 0, 'sofabed',10002)
insert into project values(11009, sysdate()-5 'assemble sofa-bed product id 123xyz', sysdate()+1, -1, 0, 'sofabed',10002)
insert into project values(11010, sysdate()-6 'assemble sofa-bed product id 123xyz', sysdate()+1, -1, 0, 'sofabed',10002)
insert into project values(11011, sysdate()'assemble sofa-bed product id 123xyz', sysdate()+1, -1, 0, 'sofabed',10002)
insert into project values(11012, sysdate()'assemble sofa-bed product id 123xyz', sysdate()+1, -1, 0, 'sofabed',10003)
insert into project values(11013, sysdate()'assemble sofa-bed product id 123xyz', sysdate()+1, -1, 0, 'sofabed',10002)
insert into project values(11014, sysdate()'assemble sofa-bed product id 123xyz', sysdate()+1, -1, 0, 'sofabed',10003)
insert into project values(11015, sysdate()'assemble sofa-bed product id 123xyz', sysdate()+1, -1, 0, 'sofabed',10003)
insert into project values(11016, sysdate()'assemble sofa-bed product id 123xyz', sysdate()+1, -1, 0, 'sofabed',10003)
insert into project values(11017, sysdate()'assemble sofa-bed product id 123xyz', sysdate()+1, -1, 0, 'sofabed',10002)
insert into project values(11018, sysdate()'assemble sofa-bed product id 123xyz', sysdate()+1, -1, 0, 'sofabed',10003)
insert into project values(11019, sysdate()'assemble sofa-bed product id 123xyz', sysdate()+1, -1, 0, 'sofabed',10003)
insert into project values(11020, sysdate()'assemble sofa-bed product id 123xyz', sysdate()+1, -1, 0, 'sofabed',10003)
insert into project values(11021, sysdate()'assemble sofa-bed product id 123xyz', sysdate()+1, -1, 0, 'sofabed',10003)
insert into project values(11022, sysdate()'assemble sofa-bed product id 123xyz', sysdate()+1, -1, 0, 'sofabed',10003)

insert into bidder values(12001, 'litesh')
insert into bidder values(12002, 'abhi')

insert into bid values(13001, sysdate(), 20.5, 12001, 11001)
insert into bid values(13002, sysdate(), 10.5, 12001, 11001)
insert into bid values(13003, sysdate(),  0.5, 12001, 11001)